eyeBlinkLeft,eyeBlinkRight,eyeSquintLeft,eyeSquintRight,eyeLookDownLeft,eyeLookDownRight,eyeLookInLeft,eyeLookInRight,eyeWideLeft,eyeWideRight,eyeLookOutLeft,eyeLookOutRight,eyeLookUpLeft,eyeLookUpRight,browDownLeft,browDownRight,browInnerUp,browOuterUpLeft,browOuterUpRight,jawForward,jawLeft,jawOpen,jawRight,mouthLeft,mouthRight,mouthFrownLeft,mouthFrownRight,mouthSmileLeft,mouthSmileRight,mouthStretchLeft,mouthStretchRight,mouthDimpleLeft,mouthDimpleRight,mouthRollUpper,mouthRollLower,mouthShrugUpper,mouthLowerDown,mouthShrugLower,mouthFunnel,mouthPucker,mouthCompress,mouthUpperOut,FaceSneer,cheekPuff,cheekSquintLeft,cheekSquintRight,noseSneerLeft,noseSneerRight,mouthUpperUpRight,mouthUpperUpLeft,mouthLowerDownRight,mouthLowerDownLeft,mouthPressLeft,mouthPressRight,mouthClose,tongueOut
-0,-0,-0,-0,0,0,0,0.044601,0,0,0.044609,0,0.01522,0.01522,-0,-0,0.050953,0.103579,0.103579,0.00073384086,0.00020562857,0.015265037,-0.00000038157887,-0.000010667935,-0.00018035845,0.00043647885,0.00032550422,0.14114746,0.14119029,0.00044457056,0.00043009335,0.01343515,0.017716888,-0.0013220033,0.0004718194,0.00074011984,0.0042474573,0.0012501071,-0.008408921,0.0011092097,-0.000000005222448,-0.0005396652,0.000000000350247,0.00031249915,0.11183523,0.111719206,0.00021390877,0.00016717576,-0.00004658019,-0.000046580168,0.0017758467,0.001960417,0.0040815766,0.004126915,0.00089072436,-0.0000041265857
0.390489,0.390343,-0,-0,0.033417,0.033417,0,0.017236,0,0,0.017245,0,0,0,0.01256,0.01256,0.045689,0.089557,0.089557,0.00058847666,0.00038083494,0.032446567,-0.00000064175475,0.000004742092,0.000083068386,0.00016507656,0.0003904203,0.24358934,0.24354371,0.00059125124,0.00062093063,0.0041697323,0.005109839,-0.0018427657,0.0010916948,0.0011587202,0.009116931,0.0020296243,-0.011721048,-0.0029625893,-0.000000010328128,-0.0006789444,0.0000000006934032,0.0006279167,0.12225688,0.12201678,0.0003482908,0.00020229816,-0.00024339171,-0.00024339175,0.001226224,0.0014549092,0.001294072,0.0014225803,-0.0019471288,-0.000005831482
0.931044,0.930815,-0,-0,0.117855,0.117855,0.00705,0,0,0,0,0.00707,0,0,0.02611,0.02611,0.040267,0.075155,0.075155,0.0013783658,0.0004302375,0.08485848,0.00000015259593,-0.000016900054,0.00009044213,-0.0002813455,-0.000025411835,0.2973047,0.29705757,0.00050915964,0.0005609654,-0.00054458715,-0.00017361509,-0.0003506858,0.0012494549,0.00094372313,0.017663239,0.0010847519,0.0014820956,-0.000049099326,-0.0000000127292825,-0.0007812821,0.0000000009947763,0.00074471184,0.10603449,0.10583473,0.00023557153,0.00009220373,-0.00076855125,-0.00076855125,0.0046000294,0.004889911,0.0007815482,0.0009594094,-0.002593454,-0.0000033359902
1,1,-0,-0,0.163067,0.163067,0.022196,0,0,0,0,0.022233,0,0,0.038573,0.038573,0.035331,0.063368,0.063368,0.0020023622,0.0001187399,0.14759219,0.00000013809859,-0.00008238402,0.00002986705,0.0034694679,0.0033179624,0.31280318,0.31228557,0.0003284905,0.00052967295,-0.0011124946,-0.0015325416,0.00040022004,0.0008412474,0.00027424376,0.024904598,-0.000079261605,0.021818206,-0.0010209568,-0.000000013144877,-0.0003119856,0.0000000011031306,0.00052698934,0.0812785,0.08105594,-0.000367783,-0.00029272586,-0.0016232267,-0.0016232268,0.012816101,0.012301966,-0.00019656494,-0.000060521066,-0.0018104874,0.0000023245739
0.731231,0.731509,-0,-0,0.15378,0.15378,0.025231,0,0,0,0,0.025277,0,0,0.048969,0.048969,0.035053,0.057944,0.057944,0.0039962167,0.00033869408,0.28004897,0.00000069763973,-0.000024006496,0.000055882614,0.004357968,0.0038778954,0.37917385,0.37899747,0.0003842637,0.0004319027,-0.001452595,-0.0020243842,-0.00017181598,0.00035174098,0.0006953338,0.042230688,-0.00035473285,0.010708097,-0.0021506287,-0.000000014827775,-0.00012003211,0.0000000012450948,-0.00006035203,0.06672121,0.06627759,-0.00045404676,-0.000516274,-0.0010737248,-0.0010737247,0.050554894,0.05013471,-0.0005716393,-0.0004996527,-0.0011504814,0.00000083790655
0.516083,0.516411,-0,-0,0.129409,0.129409,0.024786,0,0,0,0,0.024837,0,0,0.057897,0.057897,0.036749,0.056374,0.056374,0.005226735,0.0004847534,0.3148802,0.0000015910109,0.000026365104,-0.0002691578,0.004935901,0.0040008286,0.4003939,0.4007836,0.00054881815,0.00043574627,-0.00091013126,-0.0014741346,0.00044011232,0.00015076715,0.0007654233,0.0619391,-0.0008082376,0.009104542,0.00048971176,-0.00000001548488,-0.00026577478,0.000000001263739,-0.00026487326,0.05983966,0.059016876,-0.0004828358,-0.0007770052,-0.0008052522,-0.00080525206,0.07554418,0.07552832,-0.00023559388,-0.0002918709,-0.00058645755,0.0000012994533
0.359171,0.359416,-0,-0,0.096924,0.096924,0.028375,0,0,0,0,0.028435,0,0,0.06616,0.06616,0.038883,0.05572,0.05572,0.006064712,0.0007651746,0.2977476,0.0000032031144,0.000020970781,-0.0006520008,0.005759875,0.00427771,0.4143224,0.41527918,0.0006691739,0.0002862569,0.00050285086,-0.000116804615,0.0006282921,0.00010692421,0.00083018,0.06845218,-0.0012274026,0.011191439,0.0038319528,-0.000000016025686,-0.0002433362,0.0000000012502293,-0.00040612603,0.070463374,0.06954953,-0.00027238112,-0.0007280288,-0.0004637983,-0.00046379812,0.1029489,0.10388076,0.0003052624,0.00019942783,0.0020656362,-0.0000010169024
0.226368,0.226536,-0,-0,0.062132,0.062132,0.037182,0,0,0,0,0.037252,0,0,0.074066,0.074066,0.038982,0.055068,0.055068,0.0058532665,0.00019576214,0.2243253,0.000002711875,-0.00008417871,-0.0005220412,0.0074923933,0.0042188573,0.4018283,0.40234098,0.00029431656,-0.00013695378,0.0003313832,0.000012625009,0.0004946212,0.00082461396,0.00038621482,0.04470506,-0.00009484263,0.016028281,0.0041619204,-0.000000015586455,-0.0001364639,0.0000000012161347,-0.00051223254,0.09097215,0.09025635,0.000047696754,-0.0004896568,-0.0003777804,-0.00037778035,0.12681878,0.12852848,0.0007586824,0.0006363634,0.0070570707,-0.0000060910643
0.120561,0.120666,-0,-0,0.03006,0.03006,0.043819,0,0,0,0,0.043897,0,0,0.081107,0.081107,0.036468,0.054584,0.054584,0.0052649816,0.00013889931,0.15857118,0.000003144169,-0.00017379137,-0.0008316552,0.008605085,0.003680353,0.35650435,0.3566686,0.00042567775,0.00008140318,0.0007174667,0.00053460523,0.0006626444,0.0014249417,0.00015625171,0.016604854,-0.000010692049,0.03255807,0.022360805,-0.000000014769654,-0.00033997092,0.0000000012610109,-0.00032628654,0.09266363,0.09196302,0.000027667731,-0.00051737856,-0.00057664874,-0.0005766485,0.12046074,0.122272566,0.0008058073,0.00070010405,0.013617007,-0.00001161583
0.049308,0.04937,-0,-0,0.006473,0.006473,0.047026,0,0,0,0,0.047112,0,0,0.086295,0.086295,0.032394,0.054643,0.054643,0.00439752,0.000055448152,0.13418147,0.0000022825106,-0.00017484327,-0.00059035,0.008502998,0.0031899263,0.32610914,0.32615408,0.0004943507,0.00038468651,0.001701124,0.0012521697,0.00064491574,0.0009471588,-0.00001576636,0.0056142034,-0.00030203303,0.037907433,0.056804832,-0.000000014369993,-0.0002986025,0.0000000012100093,-0.00028730324,0.09240885,0.09175539,-0.00038209,-0.00067522377,-0.00040982704,-0.00040982678,0.111765996,0.11269465,-0.00029839668,-0.00021312013,0.0042601675,-0.00001033202
0.017335,0.017363,-0,-0,0,0,0.046285,0,0,0,0,0.046379,0.002767,0.002767,0.088396,0.088396,0.028732,0.055169,0.055169,0.004304153,-0.000067406334,0.15961571,0.0000017248649,-0.0001124968,-0.00052678725,0.008836197,0.0030667107,0.29867932,0.29885334,0.0005848408,0.0006131027,0.0015647355,0.0011421945,0.0009223325,0.00077967765,-0.000049864873,0.0035627969,0.00025812304,0.027529463,0.079247415,-0.000000014103321,-0.0007168597,0.0000000011558761,-0.00055254623,0.09221372,0.091656476,-0.0005471539,-0.0006639231,-0.000413633,-0.0004136329,0.10294985,0.1032594,-0.0005034059,-0.0003904067,0.0017977282,-0.000011792628
0.007297,0.007299,-0,-0,0,0,0.045903,0,0,0,0,0.046007,0.00262,0.00262,0.088821,0.088821,0.025254,0.055857,0.055857,0.0041603977,-0.000039576553,0.20916626,0.0000024743813,-0.000117043215,-0.00080927834,0.00970915,0.0029010843,0.25834265,0.25861695,0.000518376,0.00046361517,0.0014808811,0.00096587744,0.0010460038,0.00025281217,0.00004816428,0.0011480106,0.0012516724,0.038369995,0.12369922,-0.000000014060225,-0.00068447297,0.0000000012205429,-0.00097474223,0.077633664,0.07716458,-0.00063836947,-0.00059891585,-0.0006071726,-0.00060717243,0.082756184,0.08295445,-0.00044614542,-0.00028634816,0.002779495,-0.000015009282
0.003523,0.003517,-0,-0,0,0,0.045038,0,0,0,0,0.045145,0.002602,0.002602,0.089092,0.089092,0.022986,0.056172,0.056172,0.0033763768,-0.00039473549,0.21563801,0.000003229291,-0.00020718362,-0.0010843561,0.010118708,0.0024522045,0.23325998,0.23358825,0.0002069315,0.00007176865,0.00063482486,0.00028962828,0.001443217,0.00075522996,-0.00016120262,0.0012351591,0.0027406514,0.04167575,0.13023166,-0.000000013695757,-0.00057053776,0.0000000012454804,-0.0012675053,0.072985865,0.07265049,-0.00040250272,-0.00047226902,-0.0010734035,-0.0010734035,0.04859315,0.049137417,0.00046637002,0.00051706284,0.01218079,-0.000022386019
0.002989,0.00298,-0,-0,0,0,0.046095,0,0,0,0,0.0462,0.002428,0.002428,0.089151,0.089151,0.021709,0.05667,0.05667,0.0021612477,-0.00084590074,0.18093152,-0.00000008606639,-0.00016605554,-0.0012591775,0.009746784,0.0023107368,0.2029579,0.20317644,0.00008495711,0.00009296741,0.0011023823,0.0009416202,0.0010934053,0.0012201602,-0.0002416186,0.00076171383,0.0028192713,0.07278627,0.14534539,-0.00000001372956,0.00017336989,0.0000000013706134,-0.0012553036,0.07482513,0.074645236,0.00012259744,-0.00008123834,-0.0015393952,-0.0015393953,0.018194214,0.01861269,0.0018722285,0.0016682995,0.07245288,-0.000018183
0.003254,0.003243,-0,-0,0,0,0.047624,0,0,0,0,0.047721,0.002279,0.002279,0.088971,0.088971,0.021876,0.056901,0.056901,0.0009891829,-0.0005005291,0.13157545,-0.000001441289,-0.000100621735,-0.001393646,0.009079093,0.0025754415,0.19453041,0.1944951,0.0004136553,0.00053982344,0.0020146603,0.002145744,0.0003438471,0.0013499148,0.0005283179,0.011872814,0.0017133122,0.098903075,0.120771214,-0.000000013335569,0.000454559,0.0000000013909636,-0.0009311689,0.08703882,0.087000966,0.0006706109,0.00029646233,-0.0011733456,-0.0011733456,0.008723566,0.008862253,0.0024641873,0.001955199,0.10392959,-0.000014003872
0.00394,0.003939,-0,-0,0,0,0.050262,0,0,0,0,0.050357,0.001933,0.001933,0.089201,0.089201,0.02127,0.056561,0.056561,0.0015569292,0.00021659769,0.08746699,-0.0000013700537,-0.00003557006,-0.0013541174,0.008451814,0.0026183724,0.20008081,0.20001835,0.0008286284,0.00093405787,0.0024684137,0.0023988774,-0.0004724944,0.0005849218,0.0009680437,0.023868097,0.00061419373,0.08081547,0.07086691,-0.000000012347424,0.00037562312,0.0000000012823081,-0.00011012843,0.102673166,0.10287992,0.0010324335,0.0006707143,-0.0007788238,-0.00077882374,0.007317934,0.007613927,0.0023432383,0.0018881643,0.08785348,-0.000011091168
0.003709,0.003716,-0,-0,0,0,0.051919,0,0,0,0,0.052013,0.001748,0.001749,0.089607,0.089607,0.020649,0.055879,0.055879,0.0023165783,0.00034446083,0.044004343,0.00000008472216,-0.0000018829014,-0.000963137,0.008245034,0.0025893021,0.22206458,0.22210649,0.0011134613,0.0011674156,0.003199025,0.0025494527,-0.00035692472,-0.00014148839,0.0008782847,0.041106302,-0.000102277845,0.028561871,0.0147381835,-0.000000011355513,0.00013858755,0.0000000010544261,-0.0004218123,0.1086638,0.10897941,0.00071340427,0.00053355005,-0.0008585465,-0.00085854647,0.008937525,0.009270286,0.0016633421,0.0016297046,0.047413547,-0.000007869527
0.003985,0.003992,-0,-0,0,0,0.051198,0,0,0,0,0.051297,0.001787,0.001787,0.089876,0.089876,0.020644,0.055062,0.055062,0.0022842344,0.00036029983,0.016183518,0.0000016739477,-0.000049409875,-0.00026756665,0.008201625,0.0023040094,0.24421719,0.24361464,0.0011684829,0.0012118584,0.0030908044,0.0016907305,-0.0007349821,-0.000558055,0.003530384,0.06315278,-0.00096063176,-0.0031422414,0.0039476454,-0.000000011023981,-0.00003490853,0.0000000009625689,0.00058215065,0.11135557,0.11131339,0.0002933992,0.000012038276,-0.00091993937,-0.0009199395,0.007971144,0.008127511,0.0010841154,0.0011976939,0.0137351155,-0.000006046299
0.001875,0.001873,-0,-0,0,0,0.050829,0,0,0,0,0.050932,0.001827,0.001827,0.089667,0.089667,0.022073,0.054612,0.054612,0.0023963414,0.0006500436,0.004455801,0.00000034150708,0.000058416947,0.0004420611,0.007755826,0.0028974127,0.2522516,0.2518519,0.0011615371,0.0012677656,0.010658674,0.009691273,-0.0014842921,-0.0011666175,0.0015243823,0.0753776,-0.0020531262,-0.011312734,0.0024493597,-0.000000010979999,-0.00010062219,0.00000000087298446,0.00070402725,0.10753994,0.10730626,0.00046797842,-0.000015538186,-0.00022370646,-0.00022370653,0.0017932206,0.001567157,0.0007944722,0.0008068932,0.0037397332,-0.000004496236
0.002379,0.00237,-0,-0,0,0,0.004346,0,0,0,0,0.004453,0.002022,0.002022,0.089572,0.089572,0.022909,0.054058,0.054058,0.0023218254,0.00060286745,0.001313284,-0.0000018703386,0.00020598674,0.00059933914,0.007640449,0.0036929434,0.24716094,0.24702933,0.00076872203,0.0009436188,0.017286193,0.01697694,-0.0017357292,-0.0009913119,0.0009626495,0.06391171,-0.0033140401,-0.012569074,0.00020387396,-0.00000001106003,-0.000012295321,0.00000000080789714,0.00080664083,0.09285704,0.09239156,0.0004495792,-0.00018788874,-0.00041575998,-0.00041576024,-0.0004974436,-0.00084462576,0.0009884788,0.00079790596,0.0010805055,-0.0000022640124
0.001306,0.001301,-0,-0,0,0,0,0.078884,0,0,0.078991,0,0.002134,0.002134,0.088935,0.088935,0.024757,0.054099,0.054099,0.0021661697,0.00027887244,-0.001740925,-0.0000027723163,0.00026074558,0.0006992193,0.00798052,0.0042664493,0.25062817,0.25073272,0.0005366355,0.0008187862,0.016358305,0.016226301,-0.00092344545,-0.00040141307,0.00066703744,0.04736203,-0.0034765587,-0.013809081,-0.00034625828,-0.000000011419252,0.00009282911,0.00000000085696117,0.0008006082,0.081080765,0.08016749,0.00001850538,-0.0007221252,-0.000440564,-0.00044056412,-0.00075921044,-0.0012445096,-0.000008940697,-0.00029593427,-0.0008566901,-0.00000086506043
0,0,-0,-0,0,0,0,0.129572,0,0,0.129671,0,0.003205,0.003205,0.0873,0.0873,0.028309,0.055377,0.055377,0.0024687955,-0.00006221142,-0.0037712455,-0.000003643353,0.00027187818,0.00068814214,0.0083106235,0.0043790946,0.25073218,0.2509356,0.00038894918,0.0007624412,0.014682066,0.014909134,-0.00043387292,-0.00004931353,0.0005894713,0.03368521,-0.00328201,-0.016258176,-0.00022611767,-0.000000011718676,0.00015861867,0.000000000929869,0.0007494923,0.068924665,0.06769648,-0.00029488746,-0.0010873899,-0.0003528359,-0.0003528361,0.00009571202,-0.00045985729,-0.00018922146,-0.0005523525,-0.0017316937,-0.0000011567936
0.021314,0.02139,-0,-0,0.011998,0.011998,0,0.141491,0,0,0.141568,0,0,0,0.084905,0.084905,0.034747,0.058114,0.058114,0.0027396996,-0.0003759656,-0.0048577935,-0.0000041232297,0.00029179378,0.0007914733,0.007968262,0.0034753296,0.24675693,0.24688742,0.00029027648,0.0007375134,0.012338054,0.012757302,-0.0001637144,0.000007022172,0.0005983487,0.025183965,-0.0029790788,-0.02046882,-0.00003875792,-0.0000000119190835,0.0003470902,0.0000000010013171,0.0006563999,0.059172355,0.058001637,-0.0002377294,-0.00093051605,-0.00028343644,-0.00028343665,0.00065989234,0.000022010878,-0.00003747642,-0.0004403321,-0.0021751449,-0.0000007088893
0.088847,0.08909,-0,-0,0.05143,0.05143,0,0.151118,0,0,0.151173,0,0,0,0.083322,0.083322,0.040858,0.060779,0.060779,0.0028717779,-0.0005989857,-0.0052644834,-0.0000043038335,0.00029789764,0.0009171595,0.0054064034,0.0017469887,0.23827925,0.2383328,0.00027999934,0.00077897403,0.010148393,0.010523247,0.00004367577,0.000027595088,0.0006111339,0.021217857,-0.002825569,-0.023151662,0.00044316798,-0.00000001203643,0.0004889297,0.0000000010497646,0.00056393,0.0533353,0.052248444,-0.00015621446,-0.00074532535,-0.00026869253,-0.00026869256,0.00093770586,0.00022738613,0.00019969232,-0.00020314194,-0.0023750588,-0.00000027038186
0.326596,0.327078,-0,-0,0.101325,0.101325,0,0.147417,0,0,0.147426,0,0,0,0.082452,0.082452,0.046451,0.062165,0.062165,0.0028281547,-0.00058887247,-0.005675882,-0.0000047169224,0.00030175736,0.0009918571,0.0027159033,0.0013962602,0.23304324,0.23329157,0.0002299184,0.00072524603,0.011503821,0.012492384,-0.000045690686,-0.00007622223,0.0006577186,0.018387852,-0.0029503624,-0.028133642,0.0027822144,-0.000000012264392,0.00066856435,0.0000000010935514,0.0004859264,0.04296984,0.041932996,-0.000067779794,-0.0006489558,-0.00024967076,-0.00024967105,0.0009134803,0.00023093075,0.00030162,-0.0001255814,-0.0019063912,-0.00000082583574
0.72124,0.721469,-0,-0,0.14431,0.14431,0,0.136959,0,0,0.136909,0,0,0,0.082524,0.082524,0.050096,0.060923,0.060923,0.0026631057,-0.0005531786,-0.0056914464,-0.0000044602766,0.00030509813,0.0009829295,0.0013721024,0.0014920882,0.23263004,0.2330406,0.00013362523,0.0006009927,0.011880778,0.014555126,-0.000030103605,-0.00007501617,0.0006512236,0.017451974,-0.0029936177,-0.03358901,0.005638011,-0.000000012576562,0.0007670622,0.0000000011361123,0.0004787005,0.05487206,0.053926505,0.000016831793,-0.0005634101,-0.00024078983,-0.00024078997,0.0007415842,0.00012882799,0.00048444234,0.000025295652,-0.0011787489,-0.000001396289
0.999997,0.999997,-0,-0,0.163073,0.163072,0,0.130808,0,0,0.130714,0,0,0,0.08206,0.082061,0.056727,0.058285,0.058285,0.0024722256,-0.00052018,-0.0054355487,-0.0000039732786,0.0003101431,0.00093957083,0.0011356865,0.0015215874,0.23032409,0.23085137,0.00006620772,0.000503608,0.0103502525,0.013900405,0.00019016629,0.000024995767,0.00061757397,0.018822797,-0.0028738058,-0.039047625,0.0075480007,-0.00000001279869,0.00077447435,0.0000000011694041,0.0004303574,0.06451155,0.063693866,0.0001101736,-0.0004441943,-0.00025393802,-0.0002539382,0.0005023014,-0.00005231425,0.0007479545,0.00027659815,-0.00048575178,-0.0000014372054
0.968701,0.96871,-0,-0,0.150748,0.150748,0,0.135517,0,0,0.135433,0,0,0,0.081733,0.081734,0.064484,0.055168,0.055168,0.0023171352,-0.00053368136,-0.0052455887,-0.0000034711684,0.0003058742,0.0008604578,0.0017003996,0.0014964095,0.23047103,0.23104571,0.00003382098,0.00044670794,0.008057122,0.0116181085,0.0005109161,0.000177579,0.00055804476,0.02098385,-0.0027259928,-0.044442642,0.008936062,-0.000000012979177,0.00075878133,0.0000000011993118,0.00036688684,0.06743443,0.066648595,0.00009331759,-0.00044910144,-0.0002635988,-0.0002635988,0.00034149177,-0.00017998926,0.00095663965,0.0004920503,0.000025648624,-0.000001181339
0.693833,0.694021,-0,-0,0.120181,0.120181,0,0.135684,0,0,0.135655,0,0,0,0.081302,0.081302,0.070981,0.054006,0.054006,0.0017201807,-0.00053231325,-0.005138099,-0.0000029149905,0.0003018312,0.0006232485,0.003060673,0.0014600419,0.2305649,0.23127946,-0.00014803745,0.00018594973,0.006718423,0.009824262,0.0008610063,0.00036011543,0.00034601334,0.025909785,-0.0026645823,-0.05091585,0.013060972,-0.000000013167654,0.00054237363,0.0000000011621996,0.00028908788,0.06810473,0.067448065,0.00013743062,-0.00041508954,-0.00030167575,-0.00030167575,-0.0003243666,-0.0006892141,0.0014498169,0.0009941915,0.0003621392,-0.00000091396214
0.369841,0.370202,-0,-0,0.080774,0.080774,0,0.129692,0,0,0.129722,0,0,0,0.081432,0.081432,0.067734,0.056276,0.056276,0.0010612179,-0.0004461389,-0.0044764727,-0.000003316828,0.00030330988,0.00039504282,0.0042999373,0.0020891787,0.23228486,0.23320808,-0.00040160678,-0.00016641617,0.012987664,0.016426861,0.0001871842,0.00016905926,0.00011340622,0.026284963,-0.0034815553,-0.052442078,0.018812941,-0.000000013311956,0.00040532695,0.0000000010423391,0.00027988548,0.06544587,0.064932436,0.00033274293,-0.00027339347,-0.0003353552,-0.00033535535,-0.0008717682,-0.00091042183,0.004003008,0.0035098935,0.0007055141,-0.00000056813224
0.190736,0.190963,-0,-0,0.041626,0.041626,0,0.117231,0,0,0.117319,0,0,0,0.081241,0.081241,0.05928,0.061676,0.061676,0.000818708,-0.0002638921,-0.001975745,-0.0000033624483,0.00027017976,0.000071442686,0.005747634,0.003335427,0.24059908,0.24169083,-0.00038506743,-0.00021726545,0.016350592,0.020518918,-0.0002480112,-0.00029753428,0.0001254715,0.029539462,-0.0041982033,-0.051468458,0.021223944,-0.000000013304753,0.0001526596,0.0000000009540857,0.00040712953,0.067591436,0.06699152,0.00029730238,-0.00039166398,-0.00030720374,-0.00030720377,-0.0007123221,-0.0005680248,0.008628709,0.008115328,0.001950711,-0.0000005378206
0.07174,0.071841,-0,-0,0.011548,0.011548,0,0.109306,0,0,0.109426,0,0,0,0.081101,0.081101,0.049072,0.067199,0.067199,0.00053163245,-0.00020684022,0.0006222464,-0.000004007322,0.00028042987,-0.00007715868,0.0070505026,0.0038742681,0.2626354,0.2636098,-0.00030599907,-0.00016969349,0.0278829,0.0342782,-0.00056902925,-0.00062461104,0.000106158666,0.038117014,-0.004187522,-0.041709993,0.021131767,-0.00000001327634,-0.00005262904,0.00000000077455026,0.00029505976,0.08080627,0.08056325,0.00062572584,0.00001993496,-0.00029454444,-0.0002945445,-0.000043984503,0.00015663914,0.009616361,0.009088734,0.0023898855,-0.0000023779394
0.013141,0.013182,-0,-0,0,0,0,0.102975,0,0,0.103095,0,0.000521,0.000521,0.08106,0.08106,0.042844,0.069986,0.069986,0.0008182479,-0.0003171414,0.00023578852,-0.000003162968,0.00022126967,-0.00012328522,0.008339794,0.004373941,0.303022,0.30364218,-0.000188292,0.000010961667,0.027418774,0.033406235,-0.00032978132,-0.0002792608,0.00009481609,0.04663229,-0.00286602,-0.032249,0.014764402,-0.0000000135660105,-0.00018441537,0.0000000007534542,0.00045118667,0.090848446,0.09062889,0.00062892865,0.000061020255,-0.00009301954,-0.00009301977,0.0011545718,0.0012426041,0.0042125825,0.0037869415,0.0015379526,-0.0000033277538
0.005025,0.005034,-0,-0,0,0,0,0.10111,0,0,0.101204,0,0.000527,0.000527,0.08165,0.08165,0.041217,0.070328,0.070328,0.0015818328,-0.0002271235,0.007095106,-0.0000010767562,-0.000011322785,-0.00097475434,0.009305486,0.0044476986,0.35041445,0.3508581,0.00007126015,0.00023528188,0.009826086,0.012122216,-0.00007031299,-0.0007984992,0.00042341836,0.06035944,-0.0013085906,-0.026759703,0.002751559,-0.000000014292952,-0.00034792488,0.0000000008939496,0.00090848864,0.0961325,0.095584005,0.00035267323,-0.00019230787,0.0001451843,0.00014518449,0.004201457,0.004294621,-0.00037566945,-0.00065540615,0.0047994107,-0.0000074667187
0.001896,0.001911,-0,-0,0,0,0,0.099139,0,0,0.099212,0,0.000425,0.000425,0.080879,0.080879,0.051105,0.070854,0.070854,0.0019778498,0.00020444952,0.07923017,-0.000000043860382,-0.00007657017,-0.00085351383,0.007891252,0.004293843,0.40908828,0.40901884,0.00053990446,0.0009834571,0.0026016068,0.0043136477,-0.00062719965,0.00034461077,0.0006353855,0.082423195,0.000093219336,-0.016880501,-0.0020270497,-0.00000001528837,-0.00030533364,0.0000000009182357,0.001370725,0.09033494,0.089747846,-0.0005783569,-0.00062474795,-0.00023109463,-0.00023109466,0.046774555,0.04577028,-0.0011231778,-0.0012014359,-0.000037521124,-0.000005626509
0.003209,0.003241,-0,-0,0,0,0,0.100042,0,0,0.100103,0,0.000244,0.000244,0.078159,0.078159,0.071493,0.073242,0.073242,0.0026992196,0.00040117092,0.20372285,0.00000011597149,0.000031696865,-0.00058333855,0.0044994983,0.0025481961,0.43949863,0.4399878,0.00074293464,0.0011209194,0.00406023,0.005525832,0.00012841634,-0.00042369775,0.00056884345,0.08961245,0.000023302156,-0.01899578,-0.00028485432,-0.000000015843234,-0.00023945654,0.0000000009606165,0.0013439173,0.07683158,0.076187566,-0.00077305175,-0.0007853396,-0.00041438238,-0.0004143821,0.05756843,0.056379214,-0.00065047387,-0.00072300434,-0.0011816025,-0.0000055428027
0.005285,0.005321,-0,-0,0,0,0,0.10238,0,0,0.102431,0,0.00009,0.00009,0.07268,0.07268,0.102983,0.078638,0.078638,0.003085604,0.0010829284,0.28069168,0.0000014125362,0.000099131896,-0.0006075767,0.0023472481,0.0009349425,0.4373187,0.4381317,0.0011422066,0.0011514109,0.004235817,0.0051941155,0.00014646724,-0.0013724919,0.0010735821,0.10907741,-0.00023970054,-0.012144659,0.0013050698,-0.000000015700689,0.00005652546,0.0000000010149334,0.0010932987,0.079325974,0.078749284,-0.0002459716,-0.0002712421,-0.0005295663,-0.00052956655,0.056540728,0.056032494,-0.00013751443,-0.00010374561,-0.004384812,-0.0000021096712
0.02039,0.02035,-0,-0,0,0,0,0.112177,0,0,0.112217,0,0.000973,0.000973,0.06088,0.06088,0.143281,0.091025,0.091025,0.0021374095,0.00145688,0.21485837,0.0000010512813,0.00013837832,-0.0007819128,0.00032584704,0.0004030848,0.4029199,0.40338534,0.0011848845,0.0010468671,0.006422216,0.010673849,0.0009718174,-0.0009672139,0.0011840323,0.13140759,-0.00019547623,-0.007041294,0.005092483,-0.000000014790242,-0.0005627478,0.0000000009593897,0.000612739,0.093269944,0.092767,-0.00023611914,-0.00025889464,-0.00066293404,-0.0006629342,0.045408152,0.045455035,-0.00041872542,-0.00015422888,-0.0051650293,-0.0000025929003
0.034718,0.034623,-0,-0,0,0,0,0.125652,0,0,0.125666,0,0.002357,0.002357,0.046715,0.046715,0.180327,0.107259,0.107259,0.00012864359,0.00088934926,0.13602372,-0.00000047415597,0.000099730736,-0.0006527421,0.00009055901,0.00002206117,0.3581769,0.35839832,0.0005723415,0.00036861654,0.00712239,0.013376063,0.0014164075,-0.0003865091,0.00082783867,0.15110657,-0.00014518108,-0.004638735,0.009723496,-0.000000014101005,-0.0009251395,0.0000000009479929,0.00020238478,0.092924915,0.09252628,-0.0001341477,-0.00031777564,-0.0005911093,-0.00059110904,0.027576797,0.028190095,-0.0006187549,-0.00022337772,-0.0034454092,-0.000004415757
0.048655,0.048541,-0,-0,0,0,0,0.138811,0,0,0.138787,0,0.003835,0.003835,0.034324,0.034324,0.206968,0.122105,0.122105,-0.0010844218,-0.000039198436,0.084669694,-0.0000009780133,-0.000014279647,-0.0006961706,-0.000055167824,-0.000216458,0.3196292,0.31991294,0.00010547321,0.000030034222,0.0036195433,0.0104219625,0.0009679212,0.00006266311,0.00076807104,0.15469994,-0.00025127502,0.004409343,0.017313538,-0.000000013857531,-0.0010516677,0.0000000009706902,-0.00021822145,0.085571095,0.08518821,-0.00016461406,-0.00033794902,0.0001552055,0.00015520552,0.022717917,0.023270827,-0.0010580895,-0.00071274024,-0.0007961318,-0.000006861079
0.057116,0.057001,-0,-0,0,0,0,0.142444,0,0,0.142395,0,0.004133,0.004133,0.029944,0.029944,0.217655,0.128229,0.128229,-0.001664904,-0.00049220305,0.07068685,-0.0000016436043,-0.000110918656,-0.0010204115,0.000075097196,-0.0005462803,0.2962086,0.29673848,0.00017873757,0.0002291603,0.0030841879,0.009919656,0.0014652968,0.0004652543,0.0013588052,0.14580598,0.0010211561,0.034540616,0.040201124,-0.000000013924161,-0.0011259262,0.000000000986553,-0.0016167387,0.07308583,0.072684005,-0.000341787,-0.00043714326,0.0011080212,0.0011080212,0.016537815,0.016656544,-0.0012448775,-0.0009230878,0.000029113144,-0.0000056782374
0.050651,0.050561,-0,-0,0,0,0,0.131832,0,0,0.131789,0,0.000789,0.000789,0.031144,0.031144,0.220546,0.127274,0.127274,-0.001991731,-0.0010359157,0.05907978,-0.0000005077036,-0.00012889526,-0.00082436716,-0.000027565286,-0.0009596532,0.28588843,0.28607565,0.00020297524,0.00036760513,0.00887938,0.017162329,0.002592544,0.0014438615,0.002168198,0.11387027,0.0034399256,0.084903084,0.086527556,-0.000000014050055,-0.001193354,0.0000000010218505,-0.0020245318,0.062262975,0.061889708,-0.0007047951,-0.00069551636,0.0024936362,0.0024936362,0.0112437075,0.011214708,-0.00095554534,-0.0005900776,0.00003200397,-0.0000045125053
0.039148,0.039057,-0,-0,0.007236,0.007236,0,0.111266,0,0,0.111245,0,0,0,0.036425,0.036425,0.219706,0.120848,0.120848,-0.0018511238,-0.0006020935,0.05426876,0.0000020981988,-0.000037868063,-0.0013644961,-0.00032115076,-0.0007958553,0.28353927,0.28372473,0.0003415076,0.0005076537,0.025656208,0.038611937,0.002085669,0.0018540546,0.0022129118,0.073735885,0.0045382143,0.14949125,0.1499748,-0.000000014145391,-0.00044873788,0.0000000010470576,-0.0012925551,0.049175035,0.048941832,-0.00067550316,-0.0005257018,0.001842802,0.0018428022,0.002678644,0.002508169,-0.00061470363,-0.00028289575,-0.0048846714,-0.0000010690892
0.018443,0.018353,-0,-0,0.018644,0.018644,0,0.087559,0,0,0.087551,0,0,0,0.045839,0.045838,0.212361,0.110428,0.110428,-0.0012308815,-0.0002673287,0.052979484,0.0000028279633,-0.00004446863,-0.0018209838,0.00004284503,-0.0007372033,0.2938092,0.29409185,0.00015498418,0.000321717,0.042849056,0.05880743,0.0012947139,0.001322893,0.003554604,0.019310806,0.0105143655,0.18261921,0.17698598,-0.000000014201863,-0.0007790924,0.0000000011238478,0.00015144772,0.03864906,0.03841673,-0.00061853044,-0.0005753515,0.0017788736,0.0017788736,0.004089417,0.0041986182,-0.001190328,-0.001204784,0.0058066845,-0.000010038853
0.003477,0.003398,-0,-0,0.032065,0.032065,0,0.064902,0,0,0.064896,0,0,0,0.056616,0.056616,0.200695,0.099139,0.099139,-0.00045195315,0.0004785452,0.06875743,0.0000035509033,-0.000010371884,-0.002902749,0.00024289684,-0.00008147792,0.26811534,0.26826283,0.00000021141022,0.00024495926,0.07032118,0.08953199,0.0003249906,0.00034840312,0.0074145417,0.001537676,0.02820058,0.148038,0.25990462,-0.000000015110755,-0.00071419915,0.0000000011658932,0.0017991825,0.030715901,0.030723818,-0.0002143858,-0.000184956,0.0003379113,0.00033791116,0.002708936,0.0025607292,-0.0005478151,-0.0007394962,0.07120694,-0.0000133336835
0,0,-0,-0,0.047053,0.047053,0,0.043215,0,0,0.043208,0,0,0,0.065426,0.065426,0.187079,0.090767,0.090767,0.0004951395,0.00034409016,0.08741592,0.0000021994165,0.000063607426,-0.0030717547,0.00009275973,0.0004790409,0.24634124,0.2464356,-0.00016676448,0.00010252092,0.068326674,0.0863059,-0.0015015341,-0.00041794125,0.00891466,-0.00069044065,0.035071,0.07912627,0.29004225,-0.0000000143024685,-0.00015024259,0.0000000011884594,0.001244654,0.026402213,0.02643298,-0.00045371335,-0.0003572544,-0.00017008264,-0.0001700827,0.0007394608,0.0003551524,0.029218905,0.02886287,0.08923541,-0.000012528642
0,0,-0,-0,0.06291,0.06291,0,0.022391,0,0,0.022385,0,0,0,0.070471,0.070471,0.175794,0.086307,0.086307,0.0020510266,-0.00013177097,0.09476039,0.0000010385274,0.00013232716,-0.0023294128,0.0007642274,0.0015369742,0.27467477,0.27464303,-0.00027245842,-0.0000291178,0.05591861,0.06946856,-0.00068117864,-0.00070536695,0.0074946024,0.00021515228,0.025860604,0.052061703,0.2494799,-0.000000015032358,0.00045407494,0.0000000013451772,0.000592266,0.03562104,0.035934076,-0.00015750062,-0.000012167729,-0.0000452838,-0.000045283858,0.001636494,0.0014868043,0.013162847,0.0128915,0.088900745,-0.0000013638382
0,0,-0,-0,0.079002,0.079002,0,0.003647,0,0,0.003639,0,0,0,0.073107,0.073107,0.166899,0.084397,0.084397,0.0034521697,0.00018430129,0.09470627,-0.0000021415517,0.00008832167,-0.00025533792,0.0017695208,0.0012719748,0.32287857,0.32356596,0.00009376556,0.00012595672,0.029304083,0.036594257,-0.00018693879,-0.00009073317,0.0059989886,0.009844884,0.002849178,0.04408104,0.12887332,-0.000000014564819,-0.00026426534,0.000000001264697,-0.00025842432,0.051681526,0.052550647,0.0007491354,0.000847131,0.0010486017,0.0010486016,0.019879041,0.020539343,-0.0006822627,-0.0006557731,0.022761678,-0.000006760285
0,0,-0,-0,0.093907,0.093907,0.011308,0,0,0,0,0.011302,0,0,0.075436,0.075436,0.161668,0.081826,0.081826,0.026531313,0.0014505037,0.09241052,0.0000016138483,-0.0000092283135,-0.0013609552,0.0023247346,0.0011013636,0.3405534,0.34116635,0.00021766499,0.000066520646,0.003251587,0.004112399,-0.0003583962,-0.0004059067,0.0017625792,0.021141075,0.00046683755,0.033101983,0.034867443,-0.00000001462986,-0.00007410138,0.0000000012449879,0.00017161085,0.08252914,0.08330058,0.00077358354,0.0008528349,0.0013558742,0.0013558744,0.0736526,0.074188694,0.00038058963,0.0005618343,-0.00058068335,-0.00000835193
0,0,-0,-0,0.107101,0.107101,0.021791,0,0,0,0,0.02179,0,0,0.076183,0.076183,0.163322,0.080056,0.080056,0.03133432,0.0013938462,0.07948019,0.0000017200036,-0.000095298405,-0.00054915855,0.0018548667,0.0012829273,0.34531447,0.34583852,0.00041027088,0.0003699893,0.0009326972,0.0013179649,-0.0005137408,-0.00003661774,0.00061393157,0.035316676,0.00009671226,0.020642925,0.0111643,-0.000000014121926,0.00020558294,0.0000000012582999,0.0012235388,0.105118945,0.10503278,-0.00004027225,-0.00014118757,0.000330279,0.0003302789,0.09738912,0.09783694,0.00034137815,0.00041358918,0.0006648414,-0.000007848674
0,0,-0,-0,0.118727,0.118727,0.030326,0,0,0,0,0.030338,0,0,0.077738,0.077738,0.167557,0.07518,0.07518,0.015410897,0.0006502634,0.06633656,0.00000051294865,-0.00015263357,0.00027509918,0.0005521574,0.0006756424,0.34166843,0.3419798,0.0001752032,0.00013303198,0.00028079562,0.000661077,0.000053719617,0.0006007161,0.00048128143,0.043950453,-0.000032217707,0.027069021,0.0065716915,-0.00000001367394,0.00007307646,0.0000000011388319,0.00049512973,0.10793137,0.10784954,0.00002572406,-0.00013413187,0.00017502696,0.00017502747,0.09275404,0.09340115,0.00028355606,0.00032395218,0.0020770803,-0.0000069948474
0.299412,0.299563,-0,-0,0.128892,0.128892,0.038703,0,0,0,0,0.038711,0,0,0.080118,0.080119,0.16656,0.069248,0.069248,0.0030317158,0.00024401862,0.05808339,0.00000040659688,-0.0001995785,0.00067516,0.0010333254,0.0008763884,0.32179826,0.32190728,-0.0002465397,-0.0003432464,0.00078016147,0.0012281742,0.0005169059,0.0012677968,0.0003792895,0.041870017,-0.00024885545,0.04547566,0.011657145,-0.000000013449118,0.00000040372834,0.0000000011061273,0.00016181427,0.09963075,0.0998213,0.0003583664,0.00015813392,0.00024194336,0.00024194323,0.08302164,0.08402612,0.00059074536,0.0006642062,0.0059678033,-0.000008996547
0.858116,0.858054,-0,-0,0.136332,0.136332,0.044679,0,0,0,0,0.044689,0,0,0.083837,0.083837,0.156924,0.063098,0.063098,0.0022401996,0.00024293456,0.0671047,0.0000014987563,-0.00021283358,0.00088821864,0.0031073827,0.0015981409,0.30065182,0.3006026,-0.00037852582,-0.0006015599,0.0017603273,0.0016423026,0.00059261546,0.001099796,0.00034549832,0.036440168,-0.0014608777,0.05764665,0.046264376,-0.000000013426291,0.0003526816,0.0000000011899933,0.0002900185,0.106272906,0.10656299,0.0006687436,0.0004111491,0.00018003768,0.00018003758,0.05647988,0.057791907,0.0007793,0.0008688569,0.010810733,-0.0000078426965
0.999986,0.999986,-0,-0,0.138894,0.138894,0.0444,0,0,0,0,0.044415,0,0,0.086379,0.086379,0.144735,0.060749,0.060749,0.001337735,-0.00022545643,0.09795554,0.0000014551233,-0.000091275564,0.0013636495,0.0013892697,0.00021815827,0.27474007,0.27484855,-0.0008391561,-0.0012618965,0.0023154654,0.0015813652,0.00003782939,0.00026296824,-0.000089103356,0.026361022,-0.0015575564,0.080611266,0.11859374,-0.000000013824241,0.0011295734,0.0000000013595798,-0.0002648132,0.10380897,0.104237214,0.0006600898,0.00044990517,0.000024974768,0.000024974739,0.037657283,0.03937208,0.0013528196,0.0014766464,0.02454743,-0.00000361399
0.764627,0.764819,-0,-0,0.124052,0.124052,0.042953,0,0,0,0,0.042978,0,0,0.086833,0.086833,0.137373,0.061564,0.061564,0.000530255,-0.00080309715,0.12892452,0.0000008657544,-0.000084666324,0.0009928397,0.0009383649,-0.00004783911,0.23471181,0.2344925,-0.00088831503,-0.0012336122,0.002401812,0.0018149493,-0.00050332025,-0.0002616914,-0.000113832764,0.015171906,-0.0005317088,0.12262538,0.2071768,-0.000000014646387,0.0014479454,0.0000000016777926,-0.00074746227,0.09492463,0.09542813,0.0004448369,0.00036585983,-0.0003896039,-0.00038960387,0.028566139,0.02997206,0.0015083142,0.0015441095,0.07555505,-0.0000055143173
0.441278,0.441659,-0,-0,0.08957,0.08957,0.050145,0,0,0,0,0.050171,0,0,0.086019,0.086019,0.134431,0.063606,0.063606,-0.00016056653,-0.00079804193,0.14589825,0.00000056147655,-0.0001024103,0.00045731338,0.0018885817,0.00062225293,0.19941354,0.19912389,-0.00048852246,-0.0005916953,0.00037621893,0.0003520064,-0.0011531124,-0.00073844567,0.0003798576,0.0070866696,0.000059025828,0.16784132,0.28016874,-0.000000015329114,0.0011924938,0.000000002041555,0.000095780706,0.0843112,0.08427757,-0.000049444847,-0.00017195381,-0.0006767587,-0.0006767588,0.02080395,0.021664457,0.0010291571,0.0007410962,0.13652834,-0.000009615378
0.232567,0.232888,-0,-0,0.048612,0.048612,0.060269,0,0,0,0,0.060296,0,0,0.084067,0.084067,0.135769,0.065893,0.065893,-0.00030464027,-0.00047251768,0.16160524,0.0000014307361,-0.000038319493,0.00012251455,0.0039138757,0.0026525515,0.19082,0.19053419,-0.00031833816,-0.00036237948,-0.0010214634,-0.00096076727,-0.0019251183,-0.0007868763,0.00067212246,0.007343037,-0.0005012783,0.18382661,0.32023135,-0.000000015877887,0.000702152,0.0000000021775626,0.00073842425,0.06960705,0.06916469,-0.00024155155,-0.0004492188,-0.0007623241,-0.0007623241,0.017827896,0.018451773,0.00052588247,0.00007202756,0.16165562,-0.000009307292
0.116443,0.116635,-0,-0,0.014496,0.014496,0.069997,0,0,0,0,0.07004,0,0,0.081842,0.081842,0.138487,0.068165,0.068165,-0.00011668727,-0.0004731929,0.16876844,0.0000012555283,-0.000024195053,0.0006618672,0.0054508983,0.0038560838,0.20659415,0.20599562,-0.00038482342,-0.0004942836,-0.0021317732,-0.0017584804,-0.0026052345,-0.0003575664,0.0011580978,0.007573729,-0.000106083695,0.1797138,0.32281667,-0.000000016340039,0.0004493529,0.0000000022457034,0.000691121,0.0613349,0.06077531,-0.00005361624,-0.00036943238,-0.0009142516,-0.00091425166,0.026004443,0.026856901,0.00025532022,-0.00023080502,0.16959879,-0.0000074980453
0.049796,0.0499,-0,-0,0.000144,0.000144,0.072569,0,0,0,0,0.072634,0,0,0.080121,0.080121,0.140691,0.069873,0.069873,0.00013762712,-0.00012209825,0.14166266,0.0000016751974,-0.0000632452,0.0006363755,0.006586253,0.0039018446,0.23635356,0.23586617,-0.00027418975,-0.00058400724,-0.0022958461,-0.0020913053,-0.002369162,-0.0006579254,0.0013680048,0.007383832,0.000014896505,0.15479393,0.25551003,-0.000000015829386,0.00039572525,0.0000000020277846,0.0005418293,0.06901076,0.06865811,0.00038761273,0.00001723133,-0.00097640615,-0.0009764065,0.03839875,0.039715394,0.0005100826,0.00015858933,0.13449222,-0.0000031760537
0.022222,0.022291,-0,-0,0.000011,0.000011,0.070508,0,0,0,0,0.07059,0,0,0.079501,0.079501,0.140719,0.071009,0.071009,0.00051599275,0.0006298078,0.08265821,0.0000021795413,-0.00009808986,0.00006189896,0.0078106998,0.0035158119,0.25488994,0.25470677,-0.000035024248,-0.0004061982,-0.0021292288,-0.002153838,-0.000924265,-0.0008575879,0.0024794964,0.0066818483,-0.0010020561,0.09263514,0.17358136,-0.0000000144045185,-0.00010434305,0.000000001632134,0.001258506,0.084697165,0.084697,0.0005959254,0.00035738945,-0.00070913485,-0.00070913456,0.03905188,0.040432945,0.00056225434,0.0002512019,0.061631307,0.0000010600634
0.003933,0.003979,-0,-0,0,0,0.066697,0,0,0,0,0.066793,0.000284,0.000285,0.079731,0.079731,0.138169,0.072247,0.072247,0.00048281066,0.0012418441,0.023207098,0.0000028221134,-0.000048108275,-0.001271721,0.0077304356,0.003265668,0.262878,0.26317072,0.00038077775,0.000047385693,-0.0003941767,-0.00044777803,0.00046461774,-0.0019628908,0.00055225194,0.005363045,-0.002271919,0.060430523,0.09379412,-0.000000013010768,-0.00053056306,0.0000000012422022,0.0014199375,0.098130345,0.0985868,0.00082083605,0.000856312,-0.0007825726,-0.0007825725,0.015229037,0.016094357,0.00071315654,0.0005279854,0.006647274,0.000002033641
0,0,-0,-0,0,0,0.062687,0,0,0,0,0.062777,0.000597,0.000597,0.079937,0.079937,0.134712,0.074041,0.074041,-0.000046597794,0.00028335862,0.006285526,0.0000028223208,-0.000007826207,-0.00049292156,0.006856284,0.0034068886,0.2651846,0.2656244,0.00009019952,-0.000056451187,0.0012172535,0.0010950882,0.0015168213,-0.001314519,0.00014627352,0.0025540171,-0.0017176731,0.039272636,0.03954993,-0.000000012562637,-0.00054208515,0.0000000011239327,-0.00022964319,0.106216475,0.106973395,0.00045115966,0.00078433286,-0.00010489719,-0.00010489725,0.0038989391,0.004381491,0.00012238976,0.00012730341,0.00018330291,0.00000012691817
0,0,-0,-0,0,0,0.060815,0,0,0,0,0.060883,0.000763,0.000763,0.079374,0.079374,0.132557,0.076418,0.076418,-0.0004306985,-0.00007505715,0.0029918626,0.0000035238154,0.000019689176,0.00012549385,0.0055397395,0.002937294,0.26402435,0.26464528,-0.00020367838,-0.00021078717,0.00070532784,0.0012337193,0.000900676,-0.0009210389,-0.00021948293,0.0030053323,-0.0010565966,0.023563597,0.01500776,-0.000000012489295,-0.00050632656,0.0000000010765027,-0.0006985534,0.10797781,0.108911455,0.00024584308,0.00076534087,-0.00013849752,-0.00013849763,0.0011160746,0.0013679359,-0.00016046781,-0.00015275739,0.0014218651,-0.0000041695603
0,0,-0,-0,0,0,0.058581,0,0,0,0,0.058616,0.000877,0.000877,0.078574,0.078574,0.130685,0.078704,0.078704,-0.00034133438,0.000033833086,0.003818784,0.0000040711,0.000042107917,0.0005818801,0.004476548,0.0030142737,0.25872204,0.2594094,-0.0003275294,-0.00031069946,-0.00045417063,0.000430556,-0.000007643364,-0.0010634437,-0.00041258615,0.0027146414,-0.00057232985,0.0132566355,0.006494589,-0.000000012332141,-0.0003377127,0.0000000010611417,-0.00016429834,0.10904345,0.109945744,0.00027792063,0.0008198195,-0.00023573628,-0.00023573628,0.0002907291,0.00059136003,0.00007164199,0.000058210455,0.0020089038,-0.0000062912077
0,0,-0,-0,0,0,0.005065,0,0,0,0,0.005076,0.000952,0.000952,0.077703,0.077703,0.130781,0.080286,0.080286,-0.000085328706,0.00011989102,0.0036472157,0.000004664391,0.000020465164,0.0011475938,0.0036491496,0.0020649265,0.26027063,0.2610203,-0.0002545882,-0.0002366826,-0.0011078324,-0.00012759306,-0.0005578352,-0.0010976978,-0.00026582275,0.002884022,0.00019115629,0.008867066,0.004362911,-0.000000012346755,-0.0001779003,0.0000000010946163,0.0000034142286,0.11257584,0.11330717,0.00022439286,0.0007290207,-0.00014700225,-0.00014700231,-0.0000058934093,0.00033578277,-0.000013895333,0.000025310554,0.0019613616,-0.000008246818
0,0,-0,-0,0,0,0,0.093968,0,0,0.093987,0,0.001092,0.001092,0.077168,0.077168,0.131609,0.080872,0.080872,0.00011226162,0.00014234707,0.0032001212,0.0000052096666,0.000009314159,0.0015450255,0.0032705162,0.0010857204,0.26194286,0.26273993,-0.000233002,-0.0002243733,-0.0014026966,-0.00034904294,-0.0008501271,-0.0011334624,-0.00021652505,0.002995057,0.0006663599,0.0060379095,0.005719986,-0.000000012412507,-0.000046988716,0.0000000011239557,-0.0000031893142,0.11498637,0.11561603,0.00016839709,0.00065848976,-0.00009207935,-0.00009207944,-0.0002668202,0.00009959191,-0.00002445653,0.00006768759,0.001959581,-0.000009325198
0,0,-0,-0,0,0,0,0.148754,0,0,0.14881,0,0.00123,0.00123,0.076848,0.076848,0.132579,0.080734,0.080734,0.00029174238,0.00015880447,0.002952557,0.0000054180873,0.000006844506,0.0018390114,0.0036556846,0.00072365196,0.26445886,0.26529518,-0.00023985095,-0.00021965895,-0.0015592892,-0.00050194375,-0.0010891249,-0.0012176046,-0.00024754554,0.007238174,0.0010272893,0.0025456361,0.006865848,-0.000000012497866,0.0000751582,0.0000000011361109,-0.0000007546041,0.115228266,0.11580977,0.00014957879,0.0006314572,-0.00004929232,-0.000049292234,-0.00054979697,-0.00023394823,-0.00007485133,0.000041512772,0.0020424798,-0.0000103059065
0,0,-0,-0,0,0,0,0.151692,0,0,0.151802,0,0.001381,0.001381,0.076926,0.076925,0.132986,0.079703,0.079703,0.0005135732,0.00018388592,0.0025769286,0.000005395689,0.0000055536857,0.0020746193,0.004643703,0.0016232063,0.26739758,0.2682603,-0.0002902802,-0.00025827624,-0.0016769171,-0.000692429,-0.0012778495,-0.0013324879,-0.00035815127,0.01470004,0.0013261102,-0.0018894114,0.00800287,-0.0000000125847945,0.0002240038,0.0000000011362734,0.000017162645,0.1174332,0.117994435,0.00018051639,0.00063803233,-0.000034617413,-0.000034617362,-0.0010129083,-0.00077964924,-0.000009317882,0.000114545226,0.0019908994,-0.000010671498
0,0,-0,-0,0,0,0,0.151059,0,0,0.151209,0,0.001422,0.001422,0.077615,0.077615,0.131718,0.07834,0.07834,0.00075275265,0.00026565045,0.002554413,0.0000048906127,-0.00006258127,0.002099872,0.006114008,0.0025940745,0.26854503,0.2692663,-0.00017565303,-0.00018388312,-0.0008567739,-0.00035193935,-0.0016489467,-0.0012507141,-0.000121460296,0.014127746,0.0019547744,-0.001454249,0.008120161,-0.000000012631874,0.00019004988,0.0000000011282434,0.00002030679,0.112247124,0.11258247,0.00008975435,0.00044920528,-0.00010553648,-0.0001055366,-0.0014769379,-0.0012295544,0.00019632559,0.0004385691,0.0017212741,-0.000009360589
0,0,-0,-0,0,0,0,0.148094,0,0,0.14826,0,0.001421,0.001421,0.078428,0.078428,0.13008,0.077223,0.077223,0.0010989187,0.0003525149,0.0045647807,0.0000044431927,-0.00012663384,0.0013196566,0.006768121,0.0032772226,0.27076322,0.27117,-0.000050126575,-0.00007998664,0.000076688826,0.000028023496,-0.0015080366,-0.000831753,0.00018522143,0.0073746825,0.002124825,-0.0006622113,0.0077066533,-0.000000012725597,-0.00013290672,0.0000000011019988,0.0005199341,0.10731718,0.10737826,-0.000042437576,0.0001533702,-0.00026591186,-0.00026591192,-0.0012007263,-0.00089190714,0.0006908551,0.0009484608,0.0020370595,-0.000007655915
0,0,-0,-0,0,0,0,0.142001,0,0,0.142166,0,0.001379,0.001379,0.079201,0.079201,0.128316,0.076228,0.076228,0.0012008185,0.0005102167,0.01374675,0.0000037438085,-0.00013173348,0.00032078708,0.006490676,0.0033363742,0.28151155,0.28163067,-0.0000012824312,0.0000060619786,0.000967212,0.0006217668,-0.0017198427,-0.000119715,0.00058071595,0.0047291415,0.0016536932,0.0040037893,0.006607961,-0.0000000128369555,-0.00018831925,0.000000001077852,0.0010175444,0.100093514,0.100024074,-0.00011026207,0.000013416633,-0.00033042865,-0.00033042848,-0.0016897973,-0.0014545377,0.00089298096,0.0012203837,-0.003062345,-0.0000040091545
0,0,-0,-0,0,0,0,0.134222,0,0,0.134372,0,0.001363,0.001363,0.080111,0.080111,0.12588,0.075045,0.075045,0.0015277443,0.00055689085,0.028681252,0.000003010252,-0.00007952648,-0.00049556093,0.0063751033,0.0032430792,0.29610008,0.2962365,-0.00020417478,-0.00019361917,0.0004081782,0.00014644675,-0.0012445557,0.0003172541,0.00049049966,0.0059344927,0.00070157973,0.012290001,0.0030186474,-0.000000013101415,-0.00036204536,0.0000000010552964,0.0011781412,0.09182531,0.091750406,-0.00026984513,-0.00018558092,-0.00027039315,-0.0002703932,-0.0020921063,-0.0018326528,0.0005682539,0.0008353889,-0.0041459836,-0.0000007261697
0,0,-0,-0,0,0,0,0.123487,0,0,0.123606,0,0.001324,0.001324,0.081166,0.081166,0.124168,0.072291,0.072291,0.0017160298,0.00047651678,0.07625987,0.000002146061,0.00002935403,-0.0005241763,0.0075629447,0.003646208,0.32302088,0.32321414,-0.0005415017,-0.00054135174,0.00035177357,0.000034537166,-0.00054799207,0.00045665354,0.0001128437,0.026121184,-0.001291824,0.01939096,0.0039195493,-0.000000013530789,-0.0004100852,0.0000000010800746,0.000990056,0.08486147,0.08492923,-0.00018168148,-0.00013879873,-0.00026738242,-0.0002673823,-0.001569178,-0.001417527,0.000059851445,0.00015982892,-0.0041806586,0.0000062039544
0,0,-0,-0,0,0,0,0.11442,0,0,0.114495,0,0.002039,0.00204,0.082387,0.082387,0.126232,0.067396,0.067396,0.0022836812,0.0005173227,0.19657765,0.0000026455518,-0.000063219806,-0.00034793047,0.009236992,0.0035145413,0.3589366,0.359235,-0.00055307057,-0.00065428764,-0.00011420809,-0.000806354,-0.0007333853,0.00011010654,0.00046845805,0.04114621,-0.00094099995,0.023604847,0.0020402558,-0.000000014358412,0.0002311652,0.0000000012235515,0.00010646065,0.071364924,0.0714785,-0.00004984159,-0.000024232082,-0.00038399413,-0.00038399428,0.00043534674,0.00044760853,0.00007865112,0.0002405066,-0.0045943297,0.0000049756054
0,0,-0,-0,0,0,0,0.102216,0,0,0.102255,0,0.002649,0.002649,0.085024,0.085024,0.129392,0.059471,0.059471,0.0031726267,0.0008541038,0.3253141,0.0000026678863,-0.000063766696,-0.00082637696,0.007966087,0.0034050161,0.36847055,0.3689222,-0.00020861998,-0.000324009,0.00024156272,-0.0006456282,-0.0011644834,0.000015911646,0.00096374657,0.041087333,-0.00019505061,0.030179381,0.006774705,-0.000000014735901,0.0007990701,0.0000000013376602,-0.0003294223,0.050925877,0.051263444,0.00030938722,0.0004459289,-0.00031890563,-0.00031890563,0.0007818453,0.00066708773,0.00071121845,0.0008879658,-0.002941832,0.00000042175088
0.296352,0.296519,-0,-0,0.031817,0.031817,0,0.05789,0,0,0.057899,0,0,0,0.088455,0.088455,0.131439,0.050474,0.050474,0.0031570783,0.0004708264,0.37550813,0.0000014225234,-0.0000108180375,-0.00062735425,0.004529802,0.0028367871,0.3397519,0.3402022,-0.00006819796,-0.00014397316,0.0012580045,0.00049710646,-0.0011581369,-0.00023442041,0.0009384947,0.033362556,0.00050263386,0.08151752,0.05967874,-0.000000014869345,0.0015139976,0.000000001491947,-0.0005477541,0.030602602,0.031070892,0.00038930774,0.0006439551,-0.000020734078,-0.000020734384,0.00016885996,-0.0000120177865,0.0011218404,0.0013659522,-0.005461633,-0.0000013670469
0.836626,0.836603,-0,-0,0.096467,0.096467,0.010695,0,0,0,0,0.010697,0,0,0.091779,0.091779,0.130412,0.04381,0.04381,0.0011739004,-0.00035389327,0.28141654,-0.0000001374001,-0.00008995758,-0.00034476025,0.001853965,0.0022739621,0.29708034,0.2975,-0.00055276416,-0.00048411265,0.0002470687,0.000275366,-0.0017417115,-0.0015294636,0.0010270234,0.0053533,0.0015293728,0.16010875,0.15660886,-0.00000001512586,0.0010728948,0.0000000015390849,-0.00031575141,0.027031183,0.027559236,-0.0002209032,0.00030630734,0.0003591865,0.00035918655,-0.00044886023,-0.0009132996,0.0003531305,0.0007582428,-0.0017155744,0.00000062777326
0.99997,0.99997,-0,-0,0.131412,0.131412,0.045907,0,0,0,0,0.045917,0,0,0.092872,0.092872,0.130332,0.041876,0.041876,0.00026094448,-0.0004263753,0.18686594,-0.00000038947564,-0.00005930849,0.00035542157,0.0018434215,0.002539151,0.25410312,0.25426474,-0.0008668015,-0.0007128585,0.00060127676,0.0010899827,-0.0016086707,-0.00068003125,0.0012319125,0.0030441806,0.0013842154,0.19087285,0.20447432,-0.000000014987089,0.00023533264,0.0000000014542976,0.00021486869,0.025523998,0.026057776,-0.00016438123,0.00019387715,0.00035769335,0.00035769347,-0.0026352257,-0.0031657722,0.00038888492,0.00065959804,0.009686016,0.0000036224192
0.757883,0.758085,-0,-0,0.117276,0.117276,0.044243,0,0,0,0,0.044284,0,0,0.091963,0.091963,0.132894,0.044518,0.044518,0.00078249443,-0.00037259609,0.12916082,-0.0000000227883,0.000042482745,0.0004214323,0.0028988365,0.0028764782,0.27752262,0.2777024,-0.00076981355,-0.0007000547,0.002628807,0.0022798069,-0.00088127516,-0.0010072459,0.00052249525,0.023049016,-0.0016863425,0.11233711,0.11657269,-0.000000014037937,0.00008856412,0.0000000011980439,0.00017246488,0.037293226,0.038132742,0.00018242095,0.00052535534,0.00050979847,0.00050979847,0.0009481404,0.0009355657,-0.000025537796,0.0004240796,-0.0053891465,-0.0000006460032
0.480993,0.481305,-0,-0,0.084157,0.084157,0.045011,0,0,0,0,0.045074,0,0,0.090238,0.090238,0.13531,0.04899,0.04899,0.0012943605,0.00021001883,0.09556113,0.0000013996614,-0.000064633015,0.00015748898,0.004961079,0.0030440036,0.3200995,0.32007197,-0.0005772514,-0.0007143952,0.0028450768,0.0033796672,-0.00019810209,0.00023840554,0.000040838495,0.04692676,-0.0013457849,0.049317457,0.016270012,-0.000000013762499,-0.0006452529,0.0000000009815612,-0.00030940864,0.060937554,0.06162343,0.0007944694,0.0007347921,-0.0006871753,-0.00068717555,0.018768547,0.0191834,0.00006896909,0.00033240858,-0.0036795773,-0.0000058209334
0.269666,0.269869,-0,-0,0.044824,0.044824,0.048194,0,0,0,0,0.048267,0,0,0.088508,0.088508,0.136015,0.053757,0.053757,0.0017390698,0.00037055183,0.0899359,0.0000015107198,-0.000031221964,-0.00031007873,0.005552186,0.004038942,0.35205552,0.35219198,-0.00027349684,-0.0002592327,0.0020272173,0.0025220904,-0.0005812887,0.0006203046,0.00023792218,0.054358404,-0.0012601954,0.028093975,0.011773147,-0.000000014335571,-0.0008357519,0.0000000008899144,0.00003095437,0.07913847,0.07938857,0.00023946166,0.00012583844,-0.0000103209895,-0.000010320917,0.054557487,0.054639805,-0.00009519607,-0.00006265007,-0.0044140965,-0.000005900678
0.109186,0.10929,-0,-0,0.012074,0.012074,0.050884,0,0,0,0,0.050962,0,0,0.087101,0.087101,0.134029,0.058392,0.058392,0.0023993012,0.00052760635,0.16980405,0.000002156773,0.000086006185,-0.0006168517,0.0049626688,0.004185713,0.3809442,0.38151157,0.00039231777,0.00056076515,0.008368831,0.010364734,-0.00016689487,0.00045011658,0.00031904876,0.06230758,-0.0014986214,0.013357993,0.015250381,-0.000000014791864,-0.00053192023,0.00000000085060203,0.000088979956,0.083795525,0.08368576,-0.0002674535,-0.00033538137,-0.00017751612,-0.0001775162,0.054802723,0.054206394,0.00042493735,0.00039904844,-0.0061329156,-0.0000052923933
0.01237,0.012412,-0,-0,0,0,0.052141,0,0,0,0,0.052228,0.001559,0.00156,0.085702,0.085702,0.131434,0.062603,0.062603,0.0036535338,0.0009658737,0.26779956,0.0000026544176,0.00015910612,-0.0008763857,0.0056413314,0.0045806235,0.41279405,0.41402328,0.0010561403,0.0012259688,0.011077237,0.013400903,-0.000074104406,0.00016797613,0.0007119877,0.07194731,-0.0014479826,0.008892756,0.017252894,-0.000000015151333,-0.00043202494,0.00000000090857516,0.0004101845,0.087708086,0.087316215,-0.00049977936,-0.00057462696,-0.00030015997,-0.0003001599,0.047751464,0.046897523,0.000985777,0.0008834433,-0.0071009956,-0.000005851256
0,0,-0,-0,0,0,0.051904,0,0,0,0,0.052002,0.001325,0.001325,0.084462,0.084462,0.129556,0.065343,0.065343,0.0043128515,0.0009631505,0.24747342,0.0000030125589,0.00013681043,-0.0009653154,0.006241495,0.003934205,0.4213915,0.42266524,0.0014734669,0.0016451227,0.010421919,0.013214255,0.0006925748,0.000553336,0.0009223735,0.09071265,-0.000386497,0.014147688,0.024737976,-0.000000014841982,-0.0006883675,0.0000000009226361,0.00010197633,0.09021717,0.08966809,-0.0005946541,-0.0006078221,-0.0004264069,-0.00042640694,0.037044026,0.036138054,0.0011139279,0.0010797409,-0.006487496,-0.0000030800002
0,0,-0,-0,0,0,0.051711,0,0,0,0,0.051819,0.00115,0.00115,0.082801,0.082801,0.131785,0.066162,0.066162,0.0030338103,0.00037939195,0.1526818,0.0000017592465,0.000087659355,-0.00061064446,0.0068280078,0.0033832933,0.4044271,0.40498704,0.001037376,0.0012460034,0.018895159,0.02362136,0.00016344525,0.0013106177,0.00091295596,0.09964798,-0.00009781448,0.017081138,0.045198947,-0.000000014382647,-0.0005074581,0.0000000008293263,-0.000065086875,0.09027528,0.08982961,-0.00043623243,-0.00043628272,-0.000184281,-0.00018428119,0.035808273,0.035189886,0.0004168898,0.000495594,-0.0057042986,-0.0000024857036
0,0,-0,-0,0,0,0.051779,0,0,0,0,0.051893,0.001105,0.001105,0.081434,0.081434,0.134614,0.066228,0.066228,0.0010634921,-0.00041140895,0.076551765,0.00000005327456,0.000017692671,-0.00009453343,0.007257014,0.0032962824,0.37782374,0.37742484,0.000113509595,0.0003609918,0.025403485,0.03080044,-0.0013811737,0.0016586436,0.0007285429,0.0946515,-0.0004950538,0.03687582,0.076851696,-0.000000014326053,0.0000482006,0.00000000083400453,0.00020482624,0.098529294,0.09830396,-0.00037734956,-0.00030112732,0.0006214633,0.00062146346,0.045644097,0.045562483,-0.0004006382,-0.00023448933,-0.0048748404,-0.0000055731252
0,0,-0,-0,0,0,0.050188,0,0,0,0,0.050302,0.001435,0.001435,0.080503,0.080503,0.136286,0.067128,0.067128,0.0005858168,-0.001049622,0.044625916,0.00000031242507,-0.00011435328,0.00029721577,0.008272053,0.0037186602,0.35478646,0.35402513,-0.00013611,0.00026135147,0.02910659,0.034233212,-0.0011690059,0.002057156,0.0008425852,0.0796256,-0.00011971174,0.05490633,0.0820249,-0.000000014494247,0.00043181283,0.0000000008615692,-0.00037425617,0.108759396,0.10830951,-0.0009391783,-0.0008382881,0.0015397583,0.0015397578,0.0669883,0.06674978,-0.0008117296,-0.0005578939,-0.004082162,-0.000008024694
0,0,-0,-0,0,0,0.04975,0,0,0,0,0.049861,0.001516,0.001516,0.080601,0.080601,0.134686,0.068678,0.068678,0.0017123176,-0.0007737605,0.03811127,0.00000057107445,-0.00019342423,0.00010047993,0.007998809,0.0027598573,0.34344956,0.34294698,0.0001283465,0.0005497737,0.024674108,0.028966578,-0.00089041004,0.0020041596,0.001072228,0.08026986,0.00033616973,0.07281971,0.06330893,-0.000000014525174,0.00025815633,0.00000000088529517,-0.0006735129,0.12359375,0.12305485,-0.0013551703,-0.0011879774,0.0017939233,0.0017939236,0.07937054,0.07881871,-0.00081342645,-0.0005050935,-0.0046193153,-0.00000820998
0,0,-0,-0,0,0,0.049995,0,0,0,0,0.0501,0.0014,0.0014,0.081463,0.081463,0.130482,0.070025,0.070025,0.0072569456,0.0012588147,0.054237835,0.000001077974,-0.00014380952,0.00029326417,0.00796541,0.0022586773,0.34136853,0.34137276,0.00047611725,0.0009106174,0.0065687913,0.008344735,-0.0009169495,0.0019054245,0.00073356647,0.085281976,0.00023543322,0.060963154,0.03393287,-0.000000014148893,-0.00032531528,0.0000000009406669,-0.00088547636,0.13174163,0.13178371,-0.0011591632,-0.0007232763,0.0011579553,0.0011579554,0.06716127,0.0659404,-0.0005011754,-0.00024707057,-0.004997704,-0.000008878
0,0,-0,-0,0,0,0.053268,0,0,0,0,0.053361,0.001035,0.001035,0.082064,0.082064,0.127225,0.070681,0.070681,0.007389101,0.0031341477,0.07485821,0.0000012412011,-0.00010301378,0.00032872753,0.008662774,0.0025651306,0.33180666,0.33247772,0.00096984673,0.0012940727,0.0034144232,0.0038293758,-0.0018902812,0.001086093,0.00083933026,0.08666906,-0.0010205773,0.059865605,0.030425569,-0.0000000136600145,-0.0006020926,0.0000000009682001,-0.0007085204,0.1319715,0.13227081,-0.000884505,-0.00032944512,0.00048733223,0.000487332,0.04903204,0.04761828,-0.00055042654,-0.0003552474,-0.0059065185,-0.00000853444
0,0,-0,-0,0,0,0.056552,0,0,0,0,0.05663,0.000813,0.000813,0.082475,0.082475,0.124758,0.070485,0.070485,0.007035168,0.0040864153,0.07887717,0.0000016004751,-0.00009315187,0.0001044604,0.0083552785,0.0021829677,0.32114777,0.3223266,0.0011506164,0.0013488419,0.0041324766,0.0045632273,-0.0019464968,0.00030888058,0.0008084625,0.077925235,-0.0014203102,0.07737675,0.03876928,-0.000000013393204,-0.00048982387,0.0000000010126792,-0.0011803652,0.13315396,0.13383906,-0.000575386,0.00012536999,0.000068287176,0.0000682869,0.0359889,0.034651846,-0.00034455396,-0.00009447243,-0.007812608,-0.0000095607065
0,0,-0,-0,0,0,0.060265,0,0,0,0,0.060337,0.000715,0.000715,0.082076,0.082076,0.126328,0.069818,0.069818,0.007842286,0.0050137285,0.068530664,0.00000044662374,-0.00009274759,0.00045896834,0.008321028,0.0015700009,0.30091503,0.3023646,0.0010172063,0.0012146542,0.004573088,0.0052152686,-0.0018921052,-0.0004369188,0.00055796,0.06728636,-0.0017213994,0.09391724,0.048560195,-0.0000000131493625,-0.00031869696,0.0000000010448695,-0.0017049685,0.12939024,0.13053013,-0.00043087732,0.00052816095,-0.0000083378545,-0.000008337898,0.035792504,0.034362525,-0.00045804586,-0.00011045579,-0.00897862,-0.000011512373
0,0,-0,-0,0,0,0.063447,0,0,0,0,0.063531,0.000673,0.000673,0.081803,0.081803,0.127039,0.070028,0.070028,0.014669966,0.0044820053,0.05514399,-0.0000016478134,-0.000118619704,0.0013181674,0.008727532,0.0015465433,0.27115706,0.2722817,0.0004972117,0.0008006552,0.0034260442,0.0042554233,-0.0015260675,-0.00097622816,-0.00010689534,0.05724333,-0.0018782639,0.100866206,0.060714364,-0.000000012988158,-0.00021684123,0.000000001121823,-0.0015406837,0.13249163,0.13377015,-0.00054533593,0.00054836227,-0.00008547552,-0.000085475345,0.04417492,0.042755768,-0.0009041866,-0.000459061,-0.0069475994,-0.000012164801
0,0,-0,-0,0,0,0.064162,0,0,0,0,0.064272,0.000725,0.000725,0.08132,0.08132,0.127409,0.071648,0.071648,0.02091626,0.0037142956,0.047487997,-0.000002817269,-0.00011770964,0.0017701625,0.009077785,0.002202602,0.24665335,0.24737363,0.00013969094,0.0004556477,0.0023382735,0.003128238,-0.0012789657,-0.0016484028,-0.00010089949,0.04379594,-0.0022403547,0.13151504,0.08187041,-0.000000013199836,-0.00021394156,0.0000000012399071,-0.000962554,0.13837585,0.13930833,-0.00073680934,0.00022718869,0.00012453266,0.00012453287,0.058152348,0.056879897,-0.0015252996,-0.0010561468,-0.004133053,-0.000006710601
0,0,-0,-0,0,0,0.06223,0,0,0,0,0.062359,0.000856,0.000856,0.081229,0.081229,0.124894,0.074338,0.074338,0.033903506,0.00375357,0.047606338,-0.0000021111646,-0.00008202417,0.0011809249,0.007924065,0.002243218,0.2311029,0.23186493,-0.000024859793,0.0002752943,0.0020101266,0.002102592,-0.0013971957,-0.002858146,0.000070258975,0.026919946,-0.0022341213,0.18686429,0.113260046,-0.000000013756669,-0.000003134599,0.0000000014025512,-0.0005792184,0.14498962,0.1455812,-0.0008115368,0.00003737025,0.00030502625,0.0003050261,0.061410643,0.06000887,-0.0019671153,-0.0015593627,-0.0022266023,-0.00000017318962
0,0,-0,-0,0,0,0.060019,0,0,0,0,0.060142,0.000967,0.000967,0.081161,0.081161,0.132264,0.080122,0.080122,0.034278844,0.0024650334,0.04824374,-0.0000016347494,-0.00011450207,0.0007780441,0.0074025257,0.0022083104,0.21668918,0.21741174,-0.00014191959,0.00013357121,0.0010401998,0.000981098,-0.00075936504,-0.002492017,-0.000044368207,0.0047147805,-0.0006351224,0.25177634,0.15386471,-0.000000014083904,-0.00010924018,0.0000000015413809,-0.00039164303,0.13770495,0.13788098,-0.0008950373,-0.00034988578,0.000056837103,0.000056837278,0.054745242,0.05352226,-0.0018196749,-0.0015854826,0.0054357573,0.000000076179276
0,0,-0,-0,0,0,0.058893,0,0,0,0,0.058988,0.001011,0.001011,0.080918,0.080918,0.152973,0.088671,0.088671,0.024129596,0.0003957674,0.05347429,-0.000002142945,-0.000073670126,0.0008233725,0.0073841945,0.0028428296,0.21143636,0.21221174,-0.00041371863,-0.000041252933,0.00006320886,-0.000024454668,-0.00011025509,-0.0016891723,-0.00019096583,0.001962915,0.00057836156,0.28064507,0.20711493,-0.000000014389282,-0.0003214801,0.0000000016364452,0.00084861415,0.12879135,0.12873256,-0.0006670803,-0.00044467952,-0.000167527,-0.0001675272,0.044594422,0.04342422,-0.0015344154,-0.0015211385,0.021105435,0.000001075161
0,0,-0,-0,0,0,0.053509,0,0,0,0,0.053566,0.001589,0.001589,0.079196,0.079196,0.181138,0.096709,0.096709,0.002856752,-0.00097324327,0.086801365,-0.0000011569791,-0.000028007771,0.00084820716,0.008003227,0.0033417277,0.21570589,0.21657297,-0.00067336205,-0.00024390128,-0.00069849007,-0.0005834792,0.00038684672,-0.0016053049,-0.00031635445,0.00095074903,0.0011904142,0.27346733,0.2591958,-0.000000014843446,-0.00007195724,0.000000001738016,0.0016627088,0.11380842,0.113656685,-0.00020737201,-0.00020445976,-0.0004525903,-0.0004525904,0.034968216,0.033958986,-0.001164251,-0.0014115814,0.05071074,-0.000000258402
0,0,-0,-0,0,0,0.04964,0,0,0,0,0.049673,0.002008,0.002008,0.076139,0.076139,0.202783,0.10152,0.10152,0.00066119246,-0.0007116925,0.10365142,0.00000018780611,-0.00005534557,0.00067416904,0.0062468904,0.0014311747,0.20421891,0.2049801,-0.0007169079,-0.00049181096,-0.0010542832,-0.00078775734,0.00020152703,-0.0020644758,-0.00022611208,0.0014418131,0.0013481635,0.25797084,0.2915316,-0.000000015139447,0.00014472613,0.0000000018317692,0.0016044467,0.0932318,0.09328771,0.00027561188,0.00017679296,-0.00047990802,-0.00047990817,0.022720918,0.022313086,-0.00046753976,-0.00079338346,0.0819602,-0.000002194909
0,0,-0,-0,0,0,0.047644,0,0,0,0,0.047639,0.001963,0.001963,0.072708,0.072708,0.208275,0.099202,0.099202,-0.00038787257,-0.00010650605,0.11106041,0.0000011610427,-0.000030149504,0.00009949412,0.0040087323,0.0003034164,0.1918019,0.1926415,-0.00044529792,-0.0003798604,-0.00102631,-0.0006387867,-0.0006824732,-0.0024530562,0.00020565279,0.0023415228,0.0010344977,0.255267,0.3204191,-0.00000001539887,0.0003704438,0.0000000018626847,0.0017450284,0.07549696,0.07558042,0.0004714895,0.0003924286,-0.00039445126,-0.00039445117,0.0122679565,0.012242618,0.00013425853,-0.0002024388,0.09795436,-0.0000029790135
0.405249,0.405089,-0,-0,0.04219,0.04219,0.050629,0,0,0,0,0.05057,0,0,0.071171,0.071171,0.197362,0.089803,0.089803,-0.0007296363,-0.0000083511695,0.111062326,0.000001398108,-0.000017461225,0.00008771522,-0.00034171692,0.0004110434,0.18970598,0.19041748,-0.00020262972,-0.00016098656,-0.0010170266,0.0016956527,-0.0012223436,-0.0024743425,0.00063892454,0.0028607212,0.0014429502,0.23246053,0.30690733,-0.000000015355115,0.00073835044,0.0000000019265383,0.0018136139,0.067769274,0.067739315,0.00041484553,0.00031998102,-0.0004298223,-0.0004298222,0.011164741,0.011319666,0.0003566118,-0.00003203377,0.10447687,-0.000003979385
0.894735,0.894516,-0,-0,0.123242,0.123242,0.050458,0,0,0,0,0.05037,0,0,0.071512,0.071512,0.182259,0.077543,0.077543,-0.00019099005,0.0000011827797,0.093601085,0.00000065523,-0.000041629042,0.00075746514,0.00018972275,0.00039844261,0.21995318,0.22023045,-0.00016200729,-0.00017061923,-0.0018290579,0.0012029125,-0.0012755492,-0.0024040742,0.000639691,0.0035458468,0.00013273489,0.16426586,0.2167037,-0.000000014583098,0.000959642,0.0000000017537168,0.0017344577,0.07851806,0.0783934,0.00025225338,0.00016038306,-0.0004369819,-0.00043698202,0.018781735,0.019115217,-0.00012465194,-0.0004629027,0.080979444,-0.000000026499038
0.999948,0.999948,-0,-0,0.166436,0.166436,0.046666,0,0,0,0,0.046613,0,0,0.073923,0.073923,0.169688,0.070002,0.070002,0.0009887144,0.0007260116,0.045926142,0.0000016509257,0.000021598744,0.0002765092,0.0010751827,0.0002721264,0.2516066,0.25187793,-0.000030118972,-0.00017000455,-0.0012763869,0.00071911607,-0.00074606575,-0.002158003,0.00020744465,0.0046684965,-0.0020545344,0.0671507,0.11349365,-0.000000013171739,0.00089514744,0.0000000013516253,0.002125579,0.088188775,0.08840663,0.0007275194,0.0007021348,-0.0004021754,-0.00040217524,0.018626492,0.019340347,0.00014269073,-0.00012433995,0.018952087,0.0000028650393
0.748657,0.748902,-0,-0,0.148109,0.148109,0.039464,0,0,0,0,0.039508,0,0,0.076728,0.076728,0.163241,0.067854,0.067854,0.00066693034,0.00026281737,0.005332645,0.0000014965226,0.00008774763,0.0003359127,0.0019472989,0.00020231478,0.26408955,0.26428583,-0.000095236115,-0.000053430907,-0.0004808884,-0.00014607795,0.0006142929,-0.0010992158,-0.00008854456,0.004423406,-0.0016007009,0.013670724,0.028237337,-0.000000012143644,0.000007221941,0.0000000011319008,0.0009905717,0.09299913,0.09363517,0.0007850649,0.00087769236,-0.00010115779,-0.00010115771,0.0046667997,0.0051955692,-0.000018240884,-0.00015027821,0.0027429648,-0.0000016194317
0.426378,0.426781,-0,-0,0.106003,0.106003,0.035988,0,0,0,0,0.03611,0,0,0.079589,0.079589,0.153187,0.066723,0.066723,0.000098643824,0.00012626592,0.0016301163,0.0000024306592,0.000056710393,0.00023664813,0.0035712165,0.0023045877,0.2746814,0.27508023,-0.00018166378,-0.00013613235,0.00011492893,0.00037512835,0.0012274603,-0.00096019637,-0.0001513809,0.0034443503,-0.0011877646,0.0024262257,0.0031824596,-0.000000012146355,0.00009214273,0.0000000011055911,0.000021991553,0.0947403,0.0952744,0.00036204606,0.00046755048,0.00010563938,0.00010563937,0.0019114371,0.0021522306,-0.00018500257,-0.00024548266,0.0005178079,-0.0000029664661
0.22978,0.230014,-0,-0,0.0562,0.056199,0.038527,0,0,0,0,0.03867,0,0,0.082049,0.082049,0.145678,0.064234,0.064234,-0.0000937311,-0.000029445626,0.000049732625,0.0000024011397,0.00001758534,0.00033654133,0.004979215,0.0036088724,0.28672302,0.2870266,-0.00047302246,-0.00042954646,-0.0003845878,-0.00028647855,0.0014200737,-0.0010830313,-0.00051588845,0.002645432,-0.0011529126,0.00036324933,0.000304278,-0.000000012282861,0.00022371346,0.0000000011046767,0.000017509563,0.10014532,0.10059094,0.00009247009,0.00021299627,0.000039929306,0.00003992922,0.0011879448,0.0013267193,-0.0005723601,-0.0005849339,-0.00075303763,-0.0000011010052
0.10214,0.102225,-0,-0,0.015657,0.015657,0.049541,0,0,0,0,0.04967,0,0,0.084133,0.084133,0.138545,0.06192,0.06192,-0.00008753408,-0.00018423516,-0.0011687875,0.00000247556,-0.000015459374,0.00038674334,0.0064508077,0.0046147387,0.2971327,0.29731217,-0.00073620304,-0.000691616,-0.0010463949,-0.0010559596,0.0016087615,-0.001125888,-0.0008654045,0.0020496156,-0.0010927753,-0.00043312088,-0.001978293,-0.000000012375,0.00029783207,0.0000000010906365,0.000071902294,0.09973277,0.100112244,-0.00011705514,0.000019418076,-0.00002066778,-0.000020667925,0.0006734859,0.0007558912,-0.0008061249,-0.0007859785,-0.0018186681,0.0000006607297
0.024011,0.024045,-0,-0,0,0,0.05899,0,0,0,0,0.05911,0.000933,0.000933,0.085249,0.085249,0.134696,0.059991,0.059991,0.00003823545,-0.0003621783,-0.002423197,0.0000024183128,-0.000039407518,0.0005402039,0.007689468,0.0049914364,0.30749783,0.30757758,-0.0010761274,-0.0010037879,-0.001664279,-0.0017519444,0.0017592618,-0.0012314143,-0.0012560496,0.0016528592,-0.0011092112,-0.0036695339,-0.0035927817,-0.000000012514516,0.00038494891,0.0000000010671707,0.00020702067,0.09219351,0.09253939,-0.00023004413,-0.00011065509,-0.000067288835,-0.000067288915,0.00028730743,0.0002943445,-0.00087116193,-0.00084415264,-0.0029663146,0.0000016822341
0,0,-0,-0,0,0,0.051500797,0.0089202,0,0,0.0089218,0.051604003,0.0033496001,0.0033496001,0.068365596,0.068365596,0.1160522,0.0682318,0.0682318,0.00008328259,-0.00038291886,-0.0023557127,0.0000019225947,-0.000039177314,0.0005128663,0.006858031,0.0037577637,0.2559321,0.2559512,-0.0010437571,-0.0009709977,0.0009802347,0.0017584357,0.001398445,-0.0010322199,-0.0012345605,0.0012291722,-0.00095896685,-0.0038296848,-0.0032085925,-0.000000010083773,0.0003307946,0.0000000008359848,0.00021785089,0.0888334,0.089125924,-0.00021039695,-0.000116685034,-0.00007325361,-0.000073253614,0.0000064209103,-0.000014446676,-0.00067499577,-0.0006606944,-0.002846101,0.0000013857469
0,0,-0,-0,0,0,0.0384624,0.0178404,0,0,0.0178436,0.038543403,0.0063226004,0.0063226004,0.051080402,0.051080402,0.09907541,0.0771334,0.0771334,0.00006681774,-0.0002741441,-0.0020405755,0.000001485001,-0.00003066927,0.00049038633,0.005525503,0.0027880538,0.19792876,0.19793268,-0.00083668885,-0.00077780656,0.0038015526,0.005453504,0.00092399004,-0.0007524966,-0.0010112515,0.000924572,-0.0005299914,-0.0018808745,-0.0024640895,-0.000000007588552,0.00024465926,0.00000000061157,0.00018028692,0.08907068,0.08932483,-0.0000978956,-0.00003101304,-0.000090089656,-0.00009008969,-0.00010700114,-0.00012931153,-0.00040759298,-0.00039252956,-0.0024704174,0.0000006426344
0,0,-0,-0,0,0,0.024017598,0.026760602,0,0,0.0267654,0.0240692,0.009446801,0.009446801,0.034094796,0.034094796,0.082503,0.085851,0.085851,0.00017549693,-0.00018413922,-0.0014810144,0.0000010755128,-0.000021923992,0.00048129537,0.0039481614,0.0018151476,0.14015584,0.14020085,-0.0005181547,-0.0004573572,0.006720168,0.009275449,0.00053741893,-0.0004677273,-0.00068510656,0.0007299892,-0.00021050198,-0.0006409287,-0.0013992458,-0.00000000510012,0.0001375053,0.00000000040522657,0.00012231524,0.08566919,0.08578757,-0.000078961995,-0.00004665777,-0.00007862484,-0.00007862483,0.00005224272,0.000018136203,-0.00028329453,-0.00025982296,-0.0019180953,-0.00000046040074
0,0,-0,-0,0,0,0.0108148,0.0356808,0,0,0.0356872,0.0108392,0.0124506,0.0124506,0.017098399,0.017098399,0.0663322,0.0947396,0.0947396,0.00017576422,-0.0001078803,-0.00054844166,0.000000520881,-0.00001063702,0.00026252388,0.0020585428,0.0008576819,0.08471227,0.084746584,-0.00023350249,-0.0001898743,0.0096828,0.013114811,0.00027990591,-0.0002063658,-0.00037404464,0.00046861038,-0.00014576045,0.0004502907,-0.00035590006,-0.0000000025360267,0.00003794953,0.00000000020032495,0.00004833317,0.085726015,0.08576505,-0.00005626678,-0.000040266288,-0.000049119793,-0.0000491198,0.00012635476,0.00010050683,-0.00015203803,-0.00014142542,-0.00094722875,-0.0000007059221
0,0,-0,-0,0,0,0,0.044601,0,0,0.044609,0,0.01522,0.01522,0,0,0.050953,0.103579,0.103579,0,0,-0,0,0,0,0,0,0.035986,0.035994,-0,-0,0.012554,0.016806,0,-0,0,0,0,0,0,0,0,0,0,0.088102,0.088102,0,0,0,0,0,0,0,0,0,0